Keys,Values
Canyon Point,Canyon Point
Centennial Hall,Centennial Hall
Centennial Hall,Centennial
Centennial Hall,Centenniel Hall
Centennial Hall,Olympic Centennial
Courtside,Courtside
De Neve Acacia,De Neve Acacia
De Neve Acacia,Acacia
De Neve Birch,De Neve Birch
De Neve Birch,Birch
De Neve Cedar,De Neve Cedar
De Neve Cedar,Cedar
De Neve Dogwood,De Neve Dogwood
De Neve Dogwood,Dogwood
De Neve Evergreen,De Neve Evergreen
De Neve Evergreen,Evergreen
De Neve Fir,De Neve Fir
De Neve Fir,Fir
De Neve Holly,De Neve Holly
De Neve Holly,Holly
De Neve Gardenia,De Neve Gardenia
De Neve Gardenia,Gardenia
De Neve Gardenia,De Neve Towers Gardenia
De Neve Holly,De Neve Towers Holly
Delta Terrace,Delta Terrace
Delta Terrace,Delta
Dykstra Hall,Dykstra Hall
Dykstra Hall,Dykstra
Hedrick Hall,Hederick Hall
Hedrick Hall,Hedrick Hall
Hedrick Hall,The Study
Hedrick Hall,Hedrick Study
Hedrick Summit,Hederick Summit
Hedrick Summit,Hedrick Summit
Hitch Suites,Hitch Suites
Hitch Suites,Hitch
Olympic Hall,Olympic Hall
Olympic Hall,Olympic
Other,Other
Rieber Hall,Rieber Hall
Rieber Hall,Rieber Front Desk
Rieber Hall,Rieber Hall Front Desk
Rieber Hall,Reiber Hall
Rieber Hall,Feast
Rieber Terrace,Rieber Terrace
Rieber Terrace,Rendezvous
Rieber Terrace,Reiber Terrace
Rieber Vista,Rieber Vista
Rieber Vista,Reiber Vista
Rieber Vista,Vista
Saxon Suites,Saxon Suites
Saxon Suites,Saxon
Sproul Cove,Sproul Cove
Sproul Cove,Cove
Sproul Landing,Sproul Landing
Sproul Landing,Landing
Sproul Hall,Sproul Hall
Sproul Hall,Sproul Front Desk
Sproul Hall,Sproul Hall Front Desk
Gayley Court,Gayley Court
Gayley Court,Gailey Court
Gayley Towers,Gayley Towers
Gayley Towers,Gailey Towers
Gayley Heights,Gayley Heights
Gayley Heights,Gailey Heights
Glenrock,Glenrock
Glenrock,Glenrock West
Levering Terrace,Levering Terrace
Weyburn Terrace,Weyburn
Weyburn Terrace,Weyburn - Commons
Weyburn Terrace,Weyburn Terrace
Weyburn Terrace,Aloe
Weyburn Terrace,Weyburn - Aloe
Weyburn Terrace,Cypress
Weyburn Terrace,Weyburn - Cypress
Weyburn Terrace,Cyprus
Weyburn Terrace,Weyburn - Cyprus
Weyburn Terrace,Jacaranda
Weyburn Terrace,Weyburn - Jacaranda
Weyburn Terrace,Magnolia
Weyburn Terrace,Weyburn - Magnolia
Weyburn Terrace,Olive
Weyburn Terrace,Weyburn - Olive
Weyburn Terrace,Palm
Weyburn Terrace,Weyburn - Palm
Weyburn Terrace,Paseo
Weyburn Terrace,Weyburn - Paseo
Weyburn Terrace,Sycamore
Weyburn Terrace,Weyburn - Sycamore
Weyburn Terrace,UAN Front Desk
Westwood Chateau,Westwood Chateau
Westwood Chateau,Chateau
Westwood Palms,Westwood Palms
Landfair,Landfair
Landfair,Landfair Vista
Laurel,Laurel
Tipuana,Tipuana
Tipuana,Tijuana
Palo Verde,Palo Verde